,rf,xgb,lgb
pos,0.6547619047619048,0.7678571428571429,0.7886904761904762
neg,0.6382978723404256,0.723404255319149,0.7021276595744681
