,Random Forest,XGBoost,LightGBM,Keras
Feature Selection + Decomposition,0.7559523809523809,0.8214285714285714,0.8214285714285714,0.6964285714285714
Feature Selection + Decomposition,0.7021276595744681,0.7659574468085106,0.8085106382978723,0.5638297859658586
