,Random Forest,LightGBM,XGBoost
Positive,0.7351190476190477,0.8452380952380952,0.8273809523809523
Negative,0.7021276595744681,0.7553191489361702,0.7553191489361702
