,Accuracy,max_bin,lr,num_leaves,boosting
0,0.8273809523809523,255,0.1,31,gbdt
1,0.8273809523809523,255,0.1,100,gbdt
2,0.8273809523809523,255,0.1,150,gbdt
