,Accuracy,Time
HCD35_Positive,83.93,545.8319940567017
HCD45_Positive,80.95,418.1272802352905
HCD65_Positive,80.06,1449.2900547981262
HCD35_Negative,73.4,238.76517796516418
HCD45_Negative,72.34,224.66725277900696
HCD65_Negative,68.09,188.68314146995544
