,Accuracy,Time
HCD35_Positive,72.62,3.1221752166748047
HCD45_Positive,69.94,7.189193248748779
HCD65_Positive,69.05,5.078775644302368
HCD35_Negative,71.28,1.001274585723877
HCD45_Negative,73.4,0.9426281452178955
HCD65_Negative,69.15,0.48243117332458496
