,Accuracy,Time
HCD35_Positive,78.57,375.12312936782837
HCD45_Positive,79.46,419.06596064567566
HCD65_Positive,77.68,414.963045835495
HCD35_Negative,78.72,57.886167764663696
HCD45_Negative,69.15,45.36588406562805
HCD65_Negative,75.53,59.931652784347534
